method,n,rmse,mae,bias,corr
hierarchical,490,1.9558091240109936,1.4792638488212198,-0.1130201574448516,0.7250197435202098
career_mlb,490,2.408514196253217,1.6942736795093851,0.07784162084461987,0.6369766011084643
last_mlb,490,2.578785460887014,1.815889951451022,-0.19145563810479202,0.6175759685723163
global_mean,490,2.846544639654034,2.196355659117205,0.27955736313889223,1.228547450786306e-16
arima_ts,490,3.1809262207181743,2.0546793219176824,0.42184560569347324,0.5277294273082724
